<?xml version="1.0" encoding="UTF-8"?>
<beans xmlns="http://www.springframework.org/schema/beans"
	   xmlns:xsi="http://www.w3.org/2001/XMLSchema-instance"
	   xsi:schemaLocation="http://www.springframework.org/schema/beans
  		    http://www.springframework.org/schema/beans/spring-beans-3.0.xsd">

	<!-- Add here beans related to the API context -->

	
	<!-- Services accessible via Context.getService() -->
	<bean parent="serviceContext">
		<property name="moduleService">
			<list>
				<value>${project.parent.groupId}.${project.parent.artifactId}.api.DHISConnectorService</value>
				<bean
					class="org.springframework.transaction.interceptor.TransactionProxyFactoryBean">
					<property name="transactionManager">
						<ref bean="transactionManager" />
					</property>
					<property name="target">
						<bean class="${project.parent.groupId}.${project.parent.artifactId}.api.impl.DHISConnectorServiceImpl">
							<property name="dao">
								<bean class="${project.parent.groupId}.${project.parent.artifactId}.api.db.hibernate.HibernateDHISConnectorDAO">
									<property name="sessionFactory">
										<ref bean="dbSessionFactory" />
									</property>
								</bean>
							</property>
						</bean>
					</property>
					<property name="preInterceptors">
						<ref bean="serviceInterceptors" />
					</property>
					<property name="transactionAttributeSource">
						<ref bean="transactionAttributeSource" />
					</property>
				</bean>
			</list>
		</property>
	</bean>
	
</beans>
